Id,Label,Eigenvector Centrality,Modularity Class,Eccentricity,Closeness Centrality,Betweenness Centrality,In-Degree,Out-Degree,Degree,Weighted Degree,Weighted In-Degree,Weighted Out-Degree,Authority,Hub,Clustering Coefficient,Weighted Clustering Coefficient,Strenght
aardvark,aardvark,0.36080732227333856,0,3.0,1.9047619047619047,63.89299819317255,39,43,82,166.0,59.0,107.0,0.0039556962,0.0039556962,0.6161202,0.3911944,166.0
allig,allig,0.7445332992790117,1,3.0,1.7210884353741496,1306.3076939680002,97,89,186,767.0,388.0,379.0,0.009691455,0.009691455,0.33422223,0.17388915,767.0
ant,ant,0.47424046562341704,23,3.0,1.8911564625850341,747.4715766727519,59,51,110,221.0,106.0,115.0,0.005933544,0.005933544,0.39641675,0.21262817,221.0
anteat,anteat,0.34672668700106507,0,3.0,1.8945578231292517,84.14830842943772,37,49,86,153.0,73.0,80.0,0.0037579115,0.0037579115,0.56001985,0.32552865,153.0
antelop,antelop,0.7801923154618035,2,3.0,1.7210884353741496,1037.548429283848,93,92,185,1098.0,557.0,541.0,0.009295886,0.009295886,0.3821393,0.19246703,1098.0
armadillo,armadillo,0.35878425713343415,0,3.0,1.9251700680272108,161.7561491942893,40,43,83,124.0,62.0,62.0,0.0040545887,0.0040545887,0.47747055,0.27625886,124.0
baboon,baboon,0.28659515578213685,22,3.0,2.006802721088435,382.59309466454243,34,32,66,161.0,84.0,77.0,0.0034612343,0.0034612343,0.5435414,0.31839463,161.0
badger,badger,0.6155915400850606,17,3.0,1.8605442176870748,232.86547767243079,67,60,127,415.0,216.0,199.0,0.0067246836,0.0067246836,0.5702694,0.21108243,415.0
bat,bat,0.3431853389030997,17,3.0,1.9421768707482994,202.7099097198399,39,36,75,120.0,63.0,57.0,0.0039556962,0.0039556962,0.5021858,0.3372748,120.0
bear,bear,0.9583340653483227,0,3.0,1.5442176870748299,3671.6251250185505,135,137,272,2478.0,1243.0,1235.0,0.013449367,0.013449367,0.25297597,0.14923728,2478.0
beaver,beaver,0.5708031135348373,24,3.0,1.7619047619047619,313.1184533108016,65,75,140,483.0,246.0,237.0,0.0065268986,0.0065268986,0.45897767,0.20406036,483.0
buffalo,buffalo,0.703462013906321,5,3.0,1.7210884353741496,1089.564027911081,84,91,175,719.0,377.0,342.0,0.008405854,0.008405854,0.36491755,0.1800713,719.0
camel,camel,0.6256148931302757,12,3.0,1.7925170068027212,400.8793127292218,69,73,142,509.0,266.0,243.0,0.0069224685,0.0069224685,0.43767676,0.22840641,509.0
canari,canari,0.18769601583273446,11,3.0,2.0510204081632653,122.07234430942442,26,23,49,63.0,34.0,29.0,0.0026700948,0.0026700948,0.3647436,0.24470899,63.0
cat,cat,0.8641687184601439,3,3.0,1.5850340136054422,1593.855946819099,105,126,231,4494.0,2023.0,2471.0,0.010482595,0.010482595,0.3046085,0.2137386,4494.0
cheetah,cheetah,0.4868375192193515,15,3.0,1.8435374149659864,170.1123157050193,51,64,115,380.0,195.0,185.0,0.005142405,0.005142405,0.5125,0.23578024,380.0
chicken,chicken,0.748223591855302,14,3.0,1.6734693877551021,1177.0290383048355,92,99,191,1810.0,917.0,893.0,0.009196994,0.009196994,0.35461432,0.17346032,1810.0
chipmunk,chipmunk,0.6656369426439125,20,3.0,1.7789115646258504,919.2140033678128,76,76,152,675.0,350.0,325.0,0.007614715,0.007614715,0.41109842,0.20641649,675.0
cow,cow,0.8929740200594417,7,3.0,1.6938775510204083,1969.3258806147887,123,97,220,3523.0,1639.0,1884.0,0.012262658,0.012262658,0.3037159,0.20518847,3523.0
coyot,coyot,0.649686671625857,21,3.0,1.7585034013605443,775.9780592934916,74,84,158,717.0,370.0,347.0,0.0074169305,0.0074169305,0.39133683,0.18723628,717.0
crocodil,crocodil,0.39886547647075365,1,3.0,1.8095238095238095,321.3201681806702,47,67,114,378.0,200.0,178.0,0.004746835,0.004746835,0.40029404,0.21821886,378.0
deer,deer,0.9350391937237504,2,3.0,1.653061224489796,2556.0733009490987,136,108,244,2705.0,1336.0,1369.0,0.01354826,0.01354826,0.2638411,0.17449395,2705.0
dog,dog,0.9098516174141881,3,3.0,1.6666666666666667,2009.3296855515562,129,100,229,4113.0,1631.0,2482.0,0.012856012,0.012856012,0.28953642,0.24583264,4113.0
eleph,eleph,0.9956789443804872,13,3.0,1.58843537414966,2725.2863268604783,143,126,269,3618.0,1797.0,1821.0,0.014240506,0.014240506,0.26055118,0.1730769,3618.0
elk,elk,0.7396190041083052,2,3.0,1.7312925170068028,821.6263298511918,90,84,174,1269.0,652.0,617.0,0.008999209,0.008999209,0.39687902,0.19168751,1269.0
fish,fish,0.8675864092440951,4,3.0,1.6326530612244898,4090.4899513210926,130,111,241,994.0,510.0,484.0,0.012954905,0.012954905,0.24061345,0.15079853,994.0
fox,fox,0.7819342786702457,21,3.0,1.7551020408163265,1000.7708007705019,97,81,178,1023.0,511.0,512.0,0.009691455,0.009691455,0.3692494,0.20267189,1023.0
frog,frog,0.51733123469024,4,3.0,1.836734693877551,802.2359054506068,65,59,124,298.0,153.0,145.0,0.0065268986,0.0065268986,0.3832075,0.2095815,298.0
goat,goat,0.7544826182464575,8,3.0,1.6666666666666667,1300.8825970638113,97,104,201,1405.0,721.0,684.0,0.009691455,0.009691455,0.31993344,0.17967793,1405.0
hors,hors,1.0,7,3.0,1.6224489795918366,3055.7682640110897,150,119,269,3935.0,1907.0,2028.0,0.0149327535,0.0149327535,0.2513932,0.1648533,3935.0
kangaroo,kangaroo,0.7031287884950972,9,3.0,1.7585034013605443,938.8749701994732,88,84,172,628.0,325.0,303.0,0.008801424,0.008801424,0.37713644,0.19500315,628.0
lion,lion,0.9535087297492587,10,3.0,1.6428571428571428,1539.6520810382092,127,112,239,3427.0,1693.0,1734.0,0.012658228,0.012658228,0.31357747,0.18885863,3427.0
llama,llama,0.6798003605723754,8,3.0,1.8095238095238095,622.7510875168967,81,75,156,710.0,375.0,335.0,0.008109177,0.008109177,0.40453073,0.18856883,710.0
monkei,monkei,0.8805065251220118,22,3.0,1.6224489795918366,1675.9397786265436,113,116,229,1897.0,972.0,925.0,0.011273734,0.011273734,0.31450406,0.15096319,1897.0
octopus,octopus,0.25415683181768584,4,3.0,2.098639455782313,152.67498296179014,26,23,49,72.0,40.0,32.0,0.0026700948,0.0026700948,0.59323674,0.50882524,72.0
ostrich,ostrich,0.42806202938714066,30,3.0,1.8639455782312926,267.15657439631804,49,52,101,223.0,117.0,106.0,0.00494462,0.00494462,0.46498993,0.22793722,223.0
rabbit,rabbit,0.9239704108304834,20,3.0,1.629251700680272,1949.7262729937834,128,112,240,1565.0,797.0,768.0,0.012757121,0.012757121,0.28927153,0.16203162,1565.0
raccoon,raccoon,0.8420487369301057,16,3.0,1.7448979591836735,1084.8894652391637,107,83,190,1244.0,637.0,607.0,0.010680379,0.010680379,0.36646006,0.17894146,1244.0
sheep,sheep,0.7209279503834501,8,3.0,1.7108843537414966,1200.0517179419544,91,92,183,1872.0,950.0,922.0,0.009098101,0.009098101,0.35644257,0.18970573,1872.0
snak,snak,0.966283000016721,4,3.0,1.5952380952380953,3443.395657784036,138,125,263,1226.0,627.0,599.0,0.013746045,0.013746045,0.24904902,0.13922736,1226.0
tiger,tiger,0.8374132828719884,10,3.0,1.619047619047619,1532.5628410353606,109,115,224,3283.0,1655.0,1628.0,0.010878164,0.010878164,0.3140765,0.18940006,3283.0
turkei,turkei,0.6122749080176214,14,3.0,1.782312925170068,745.0479699618139,72,73,145,443.0,231.0,212.0,0.0072191455,0.0072191455,0.37229276,0.19842614,443.0
whale,whale,0.5865584120570783,33,3.0,1.7040816326530612,1625.9144289902797,77,90,167,496.0,258.0,238.0,0.0077136075,0.0077136075,0.34460902,0.1596507,496.0
zebra,zebra,0.9267992308835599,13,3.0,1.6428571428571428,1814.028170655212,123,111,234,2041.0,1030.0,1011.0,0.012262658,0.012262658,0.3119001,0.18159595,2041.0
bird,bird,0.9435414431852946,4,3.0,1.4931972789115646,5402.692500909505,141,152,293,1843.0,941.0,902.0,0.014042721,0.014042721,0.21293482,0.13142657,1843.0
boa,boa,0.033281686185875875,9,4.0,2.326530612244898,24.156918039084154,5,5,10,10.0,5.0,5.0,5.933544E-4,5.933544E-4,0.42222223,0.42222223,10.0
bull,bull,0.31611405753878136,5,3.0,1.9251700680272108,143.92784832195895,35,45,80,175.0,89.0,86.0,0.0035601265,0.0035601265,0.57456374,0.29649186,175.0
chameleon,chameleon,0.07670845325913168,4,3.0,2.2755102040816326,10.915832870599571,8,10,18,18.0,8.0,10.0,8.9003163E-4,8.9003163E-4,0.54901963,0.54901963,18.0
chimp,chimp,0.3526746432473152,22,3.0,1.91156462585034,111.72928117173122,38,47,85,260.0,135.0,125.0,0.0038568038,0.0038568038,0.5617486,0.2408196,260.0
cougar,cougar,0.5586857771121732,15,3.0,1.8027210884353742,541.1135760193399,65,68,133,376.0,188.0,188.0,0.0065268986,0.0065268986,0.42551893,0.20554279,376.0
cricket,cricket,0.06598908723398307,23,3.0,2.4693877551020407,22.364622266793653,9,9,18,22.0,11.0,11.0,9.889241E-4,9.889241E-4,0.33333334,0.2553476,22.0
dinosaur,dinosaur,0.21822844797728844,17,3.0,2.0714285714285716,30.61990066362222,25,19,44,52.0,30.0,22.0,0.0025712026,0.0025712026,0.58677095,0.43381035,52.0
dolphin,dolphin,0.30179228755456594,33,3.0,1.9319727891156462,221.55463435172254,36,41,77,172.0,90.0,82.0,0.003659019,0.003659019,0.40399384,0.21247706,172.0
donkei,donkei,0.5870429188664196,27,3.0,1.782312925170068,696.0308406005963,68,73,141,750.0,391.0,359.0,0.006823576,0.006823576,0.41612974,0.20107143,750.0
duck,duck,0.6628046723709804,14,3.0,1.7755102040816326,733.0739672011152,82,75,157,903.0,455.0,448.0,0.00820807,0.00820807,0.38118726,0.18471548,903.0
eel,eel,0.11468278283625588,33,3.0,2.2346938775510203,12.449297739119418,12,10,22,29.0,15.0,14.0,0.0012856013,0.0012856013,0.61190474,0.56978655,29.0
egret,egret,0.07487882905724098,11,4.0,2.6020408163265305,29.36406855892004,9,7,16,17.0,9.0,8.0,9.889241E-4,9.889241E-4,0.2904762,0.24705884,17.0
ferret,ferret,0.5951169111221408,6,3.0,1.8843537414965987,278.9826364276125,63,54,117,244.0,127.0,117.0,0.006329114,0.006329114,0.5092502,0.24581333,244.0
gerbil,gerbil,0.5230837216103431,25,3.0,1.9251700680272108,248.33965533503059,58,48,106,299.0,153.0,146.0,0.005834652,0.005834652,0.4649123,0.25836918,299.0
giraff,giraff,0.9320008169596017,13,3.0,1.598639455782313,1859.9944939900372,128,122,250,2669.0,1343.0,1326.0,0.012757121,0.012757121,0.29523563,0.17365077,2669.0
goos,goos,0.47648199233889843,14,3.0,1.7380952380952381,832.6293246404798,56,83,139,639.0,335.0,304.0,0.005636867,0.005636867,0.37775716,0.18286045,639.0
gopher,gopher,0.5771465215193463,17,3.0,1.8265306122448979,523.8488882461228,70,66,136,413.0,211.0,202.0,0.0070213606,0.0070213606,0.4076923,0.19806297,413.0
gorilla,gorilla,0.5717582145705871,22,3.0,1.7448979591836735,443.5351988236061,63,83,146,611.0,317.0,294.0,0.006329114,0.006329114,0.4218812,0.19895592,611.0
hippo,hippo,0.7439491399952723,19,3.0,1.683673469387755,830.3467993480474,89,100,189,1136.0,585.0,551.0,0.008900316,0.008900316,0.35309678,0.18972646,1136.0
hyena,hyena,0.49319575886298556,6,3.0,1.8673469387755102,340.6037669597065,49,59,108,237.0,126.0,111.0,0.00494462,0.00494462,0.52183545,0.26044008,237.0
iguana,iguana,0.2723446699643946,9,3.0,2.006802721088435,180.2804998812212,32,31,63,97.0,52.0,45.0,0.0032634493,0.0032634493,0.43670034,0.33954108,97.0
insect,insect,0.23669682756511307,23,3.0,2.0272108843537415,255.0166708995984,31,30,61,97.0,51.0,46.0,0.003164557,0.003164557,0.4110204,0.26091066,97.0
koala,koala,0.37756501334791265,9,3.0,2.0306122448979593,183.84979196510997,40,33,73,156.0,85.0,71.0,0.0040545887,0.0040545887,0.5279461,0.28703704,156.0
ladybug,ladybug,0.030223304557409233,23,4.0,2.496598639455782,8.363179719845911,7,5,12,12.0,7.0,5.0,7.9113926E-4,7.9113926E-4,0.2888889,0.1969697,12.0
leopard,leopard,0.6436926707193916,15,3.0,1.7653061224489797,637.1873159429529,76,81,157,695.0,357.0,338.0,0.007614715,0.007614715,0.38689858,0.20410441,695.0
lizard,lizard,0.4752000310547579,4,3.0,1.8265306122448979,538.528665072777,55,64,119,293.0,152.0,141.0,0.0055379746,0.0055379746,0.4191484,0.24676058,293.0
lynx,lynx,0.3917746570363845,15,3.0,1.9251700680272108,156.86117422176153,47,48,95,195.0,100.0,95.0,0.004746835,0.004746835,0.5032193,0.27351338,195.0
mammal,mammal,0.05204553384657313,4,3.0,2.2789115646258504,20.76413683051156,6,7,13,16.0,8.0,8.0,6.9224683E-4,6.9224683E-4,0.53636366,0.4375,16.0
mink,mink,0.4417705597347022,24,3.0,1.945578231292517,547.4127263267268,52,50,102,264.0,135.0,129.0,0.0052412977,0.0052412977,0.4722222,0.22359735,264.0
moos,moos,0.7257246175242157,2,3.0,1.7312925170068028,1004.1812035375873,89,87,176,1149.0,589.0,560.0,0.008900316,0.008900316,0.35952023,0.18904139,1149.0
mosquito,mosquito,0.08296318705035922,23,3.0,2.1904761904761907,157.54692480991824,12,16,28,48.0,26.0,22.0,0.0012856013,0.0012856013,0.2835498,0.15779321,48.0
mous,mous,0.9203755301254477,18,3.0,1.6870748299319729,1596.2633083093779,121,103,224,1672.0,858.0,814.0,0.012064873,0.012064873,0.30881226,0.17390226,1672.0
opossum,opossum,0.6436299845067168,16,3.0,1.772108843537415,534.0740537699398,74,77,151,662.0,340.0,322.0,0.0074169305,0.0074169305,0.4092079,0.19443606,662.0
otter,otter,0.4716568490817571,24,3.0,1.9489795918367347,162.12751531875105,52,43,95,230.0,120.0,110.0,0.0052412977,0.0052412977,0.53516626,0.26489362,230.0
ox,ox,0.38550401645472293,5,3.0,1.9285714285714286,172.58233254300984,39,46,85,144.0,73.0,71.0,0.0039556962,0.0039556962,0.5565838,0.29050925,144.0
panda,panda,0.4223257133675349,9,3.0,1.9795918367346939,101.92061050138611,45,42,87,149.0,79.0,70.0,0.0045490507,0.0045490507,0.5265377,0.24695645,149.0
parrot,parrot,0.3584617792027088,11,3.0,1.8741496598639455,377.9805545062318,45,52,97,164.0,84.0,80.0,0.0045490507,0.0045490507,0.39285713,0.23726498,164.0
pig,pig,0.8434105216510205,7,3.0,1.6870748299319729,974.131897779277,106,101,207,2485.0,1257.0,1228.0,0.010581488,0.010581488,0.3495854,0.1935477,2485.0
polarbear,polarbear,0.5153801816377123,29,3.0,1.8979591836734695,234.3244360385396,60,45,105,250.0,129.0,121.0,0.0060324366,0.0060324366,0.5207355,0.22142307,250.0
puppi,puppi,0.15150537112377813,26,3.0,2.119047619047619,2.0610796120682298,14,16,30,55.0,29.0,26.0,0.001483386,0.001483386,0.8016667,0.47868338,55.0
rat,rat,0.7435822427029938,18,3.0,1.683673469387755,1107.4849752877456,89,99,188,1189.0,611.0,578.0,0.008900316,0.008900316,0.3552381,0.18902326,1189.0
reptil,reptil,0.161547200148151,4,3.0,2.0714285714285716,47.12096971913687,20,19,39,72.0,38.0,34.0,0.0020767406,0.0020767406,0.44942528,0.24689327,72.0
rhino,rhino,0.7235772245789989,19,3.0,1.6904761904761905,695.8902301202301,83,98,181,1155.0,588.0,567.0,0.008306962,0.008306962,0.4090909,0.18628667,1155.0
rodent,rodent,0.20332188415694222,17,3.0,2.187074829931973,10.52033997154056,20,17,37,51.0,25.0,26.0,0.0020767406,0.0020767406,0.6502463,0.4240196,51.0
shark,shark,0.19626044587724567,33,3.0,1.9761904761904763,560.0596101419009,23,30,53,104.0,55.0,49.0,0.0023734176,0.0023734176,0.42303434,0.22670119,104.0
spider,spider,0.13597476377945444,23,3.0,2.0170068027210886,154.58496661993902,23,27,50,73.0,38.0,35.0,0.0023734176,0.0023734176,0.32626262,0.26600504,73.0
squirrel,squirrel,0.8578112465884625,20,3.0,1.6496598639455782,1854.4235039874538,114,106,220,1483.0,753.0,730.0,0.011372627,0.011372627,0.30326012,0.17366993,1483.0
toad,toad,0.11947317931116329,4,3.0,2.098639455782313,160.04327750305552,13,20,33,63.0,34.0,29.0,0.0013844937,0.0013844937,0.511396,0.30084327,63.0
turtl,turtl,0.5679823346196479,4,3.0,1.846938775510204,442.91531492371206,66,59,125,313.0,160.0,153.0,0.006625791,0.006625791,0.42967033,0.25619653,313.0
wildcat,wildcat,0.10636733162952047,15,4.0,2.227891156462585,11.918421822636889,14,14,28,30.0,15.0,15.0,0.001483386,0.001483386,0.5507692,0.49197534,30.0
wildebeest,wildebeest,0.2365861904673627,6,3.0,1.9625850340136055,37.99891023878288,25,36,61,101.0,53.0,48.0,0.0025712026,0.0025712026,0.6201241,0.33523104,101.0
wolf,wolf,0.7737505384248081,21,3.0,1.7108843537414966,959.0500090330673,95,89,184,1003.0,513.0,490.0,0.00949367,0.00949367,0.37058824,0.18534015,1003.0
wolverin,wolverin,0.2831365424207132,17,3.0,1.9931972789115646,50.57651003413474,30,35,65,119.0,62.0,57.0,0.0030656646,0.0030656646,0.52437943,0.25039393,119.0
alpaca,alpaca,0.09071410341002933,8,3.0,2.142857142857143,29.19015117994523,9,16,25,50.0,26.0,24.0,9.889241E-4,9.889241E-4,0.69746375,0.46,50.0
eagl,eagl,0.6252020383656842,11,3.0,1.7993197278911566,1857.846300830894,82,68,150,299.0,155.0,144.0,0.00820807,0.00820807,0.323469,0.15885165,299.0
holstein,holstein,0.012058450620902076,5,4.0,2.5816326530612246,0.20360597005333847,2,2,4,5.0,3.0,2.0,2.966772E-4,2.966772E-4,0.6666667,0.70000005,5.0
amphibian,amphibian,0.04844494728280177,4,4.0,2.370748299319728,7.069346405886269,6,9,15,19.0,10.0,9.0,6.9224683E-4,6.9224683E-4,0.56060606,0.3082707,19.0
human,human,0.22551139941661372,4,3.0,2.0408163265306123,86.1548582292275,27,22,49,60.0,34.0,26.0,0.0027689873,0.0027689873,0.57032114,0.4401042,60.0
mongoos,mongoos,0.17700260347735156,6,3.0,2.187074829931973,40.95172903921408,19,18,37,42.0,22.0,20.0,0.0019778481,0.0019778481,0.53977275,0.45469576,42.0
woodpeck,woodpeck,0.04071750418116571,11,3.0,2.316326530612245,11.955756656069184,8,6,14,14.0,8.0,6.0,8.9003163E-4,8.9003163E-4,0.40151516,0.2912088,14.0
anemon,anemon,0.01811256591717272,33,3.0,2.574829931972789,6.477748512457427,4,3,7,8.0,4.0,4.0,4.9446203E-4,4.9446203E-4,0.23809524,0.25,8.0
anim,anim,0.15783938239807843,6,3.0,2.1530612244897958,17.53230649839237,14,14,28,34.0,17.0,17.0,0.001483386,0.001483386,0.6383333,0.5206972,34.0
bison,bison,0.2471298510310402,5,3.0,2.010204081632653,80.5046811479129,30,39,69,146.0,77.0,69.0,0.0030656646,0.0030656646,0.49650595,0.26848307,146.0
lemur,lemur,0.27191028219044405,6,3.0,2.068027210884354,59.79505998268648,32,26,58,66.0,36.0,30.0,0.0032634493,0.0032634493,0.50693876,0.3942052,66.0
tadpol,tadpol,0.044047080834181296,4,3.0,2.401360544217687,1.0856834612587827,5,4,9,13.0,7.0,6.0,5.933544E-4,5.933544E-4,0.4642857,0.41346157,13.0
ap,ap,0.42025094490453746,22,3.0,1.8673469387755102,281.3558465027743,47,53,100,376.0,185.0,191.0,0.004746835,0.004746835,0.5364185,0.24864335,376.0
bee,bee,0.18875666435126515,23,3.0,2.0272108843537415,431.0564901008079,25,26,51,80.0,40.0,40.0,0.0025712026,0.0025712026,0.42929292,0.29625002,80.0
beetl,beetl,0.05759467309412469,23,4.0,2.36734693877551,27.130310008069888,11,11,22,29.0,16.0,13.0,0.0011867088,0.0011867088,0.4509804,0.3087028,29.0
bobcat,bobcat,0.3919760780435453,15,3.0,1.9931972789115646,111.52977482746743,44,38,82,177.0,96.0,81.0,0.004450158,0.004450158,0.5523313,0.29552907,177.0
bug,bug,0.1443172528008927,23,3.0,2.1156462585034013,63.17957548111533,17,19,36,53.0,28.0,25.0,0.0017800633,0.0017800633,0.49310344,0.31401616,53.0
calf,calf,0.34818984806959485,12,3.0,1.9387755102040816,114.529192764452,38,40,78,223.0,116.0,107.0,0.0038568038,0.0038568038,0.60633487,0.24882068,223.0
centiped,centiped,0.028613345677496013,23,3.0,2.306122448979592,13.266688692975885,5,7,12,13.0,6.0,7.0,5.933544E-4,5.933544E-4,0.4888889,0.35314685,13.0
cockroach,cockroach,0.07611028660964139,23,4.0,2.2823129251700682,20.31647759758581,11,10,21,25.0,13.0,12.0,0.0011867088,0.0011867088,0.47894737,0.446,25.0
fly,fly,0.3605557060845453,23,3.0,1.9047619047619047,644.2802817385575,49,51,100,208.0,107.0,101.0,0.00494462,0.00494462,0.34075344,0.16164045,208.0
grasshopp,grasshopp,0.06903563584050393,23,4.0,2.3503401360544216,11.92055214341747,9,10,19,23.0,12.0,11.0,9.889241E-4,9.889241E-4,0.47916666,0.30072463,23.0
moth,moth,0.016797333833620705,23,4.0,2.3979591836734695,6.838001485669258,4,7,11,14.0,7.0,7.0,4.9446203E-4,4.9446203E-4,0.32222223,0.27142859,14.0
mountainlion,mountainlion,0.5096192251488298,15,3.0,1.9081632653061225,447.8174759018012,58,50,108,258.0,136.0,122.0,0.005834652,0.005834652,0.505661,0.2575527,258.0
wasp,wasp,0.03260908825696901,23,4.0,2.9115646258503403,30.273681290716322,5,4,9,13.0,8.0,5.0,5.933544E-4,5.933544E-4,0.35714287,0.25,13.0
gazel,gazel,0.48115171855876976,17,3.0,1.880952380952381,377.6623959384707,55,55,110,247.0,130.0,117.0,0.0055379746,0.0055379746,0.46049383,0.27545223,247.0
jaguar,jaguar,0.3618845526689432,15,3.0,1.91156462585034,109.53947291820337,42,45,87,188.0,97.0,91.0,0.0042523732,0.0042523732,0.47953963,0.27282286,188.0
mole,mole,0.3866939830517774,17,3.0,1.870748299319728,195.70218791216905,43,52,95,201.0,105.0,96.0,0.0043512657,0.0043512657,0.45281583,0.22962315,201.0
muskrat,muskrat,0.454032450996304,24,3.0,1.8843537414965987,146.85554818920016,51,48,99,280.0,146.0,134.0,0.005142405,0.005142405,0.54944587,0.24154519,280.0
orangutan,orangutan,0.3008317481330232,22,3.0,1.9285714285714286,154.0979487299387,33,43,76,169.0,90.0,79.0,0.0033623418,0.0033623418,0.54745764,0.27625248,169.0
platypus,platypus,0.18325973157417602,6,3.0,2.0714285714285716,64.10814009654501,22,21,43,61.0,31.0,30.0,0.0022745254,0.0022745254,0.5277383,0.43774393,61.0
prairiedog,prairiedog,0.279135274851353,17,3.0,1.9931972789115646,70.82716212845861,33,31,64,90.0,48.0,42.0,0.0033623418,0.0033623418,0.5531915,0.29179895,90.0
seal,seal,0.4805030475039702,33,3.0,1.945578231292517,453.4630611558114,64,38,102,275.0,144.0,131.0,0.006428006,0.006428006,0.3972973,0.23558955,275.0
skunk,skunk,0.7178759242890813,16,3.0,1.816326530612245,571.8325557027939,83,67,150,695.0,359.0,336.0,0.008306962,0.008306962,0.44424966,0.19327411,695.0
tapir,tapir,0.0854566943807957,0,3.0,2.3639455782312924,5.360529595184168,8,10,18,20.0,10.0,10.0,8.9003163E-4,8.9003163E-4,0.53267974,0.5514706,20.0
caribou,caribou,0.272227209301558,2,3.0,1.9761904761904763,57.31353204178166,29,36,65,182.0,95.0,87.0,0.002966772,0.002966772,0.58120745,0.30812156,182.0
chickade,chickade,0.12115469097311532,11,4.0,2.2108843537414966,160.73055893557284,19,16,35,41.0,21.0,20.0,0.0019778481,0.0019778481,0.38492063,0.2464132,41.0
chinchilla,chinchilla,0.10922055219851753,25,3.0,2.1802721088435373,19.032381806606576,10,12,22,25.0,13.0,12.0,0.0010878164,0.0010878164,0.7285714,0.68095237,25.0
eland,eland,0.09571139287260139,6,3.0,2.292517006802721,2.084305481599316,9,12,21,27.0,14.0,13.0,9.889241E-4,9.889241E-4,0.7091503,0.47592592,27.0
gnu,gnu,0.12373115367899988,5,3.0,2.1598639455782314,20.332420530777018,13,18,31,42.0,21.0,21.0,0.0013844937,0.0013844937,0.5723077,0.36984128,42.0
grizzlybear,grizzlybear,0.15220849323402988,29,3.0,2.0170068027210886,67.00244379743219,22,30,52,117.0,59.0,58.0,0.0022745254,0.0022745254,0.55073994,0.294369,117.0
hamster,hamster,0.5088273748889918,25,3.0,1.8741496598639455,277.2913897182157,60,55,115,315.0,167.0,148.0,0.0060324366,0.0060324366,0.4228395,0.21487051,315.0
hog,hog,0.22058726893146757,8,3.0,2.1054421768707483,13.770089886511988,20,21,41,65.0,31.0,34.0,0.0020767406,0.0020767406,0.7112299,0.5144231,65.0
humb,humb,0.1261806297663987,4,3.0,2.204081632653061,6.441690791670794,15,13,28,32.0,16.0,16.0,0.0015822785,0.0015822785,0.585,0.48842594,32.0
impala,impala,0.13395774200876923,9,4.0,2.2210884353741496,22.103836448455766,14,14,28,31.0,16.0,15.0,0.001483386,0.001483386,0.6082621,0.578853,31.0
javelina,javelina,0.10420736973462347,31,3.0,2.3095238095238093,12.900124374714723,10,8,18,19.0,10.0,9.0,0.0010878164,0.0010878164,0.7083333,0.5665634,19.0
kitten,kitten,0.33674150909929507,26,3.0,1.9489795918367347,154.11127797731692,36,36,72,151.0,77.0,74.0,0.003659019,0.003659019,0.5747475,0.29255667,151.0
mountaingoat,mountaingoat,0.2043957919350712,17,3.0,2.04421768707483,170.75941194142544,26,24,50,71.0,39.0,32.0,0.0026700948,0.0026700948,0.5097561,0.32509342,71.0
mule,mule,0.4595258220004784,27,3.0,1.8299319727891157,417.0582497421982,50,63,113,426.0,221.0,205.0,0.0050435127,0.0050435127,0.43947217,0.22922954,426.0
muled,muled,0.057864799866727525,2,3.0,2.3197278911564627,3.150562348059227,7,7,14,26.0,14.0,12.0,7.9113926E-4,7.9113926E-4,0.74545455,0.3683432,26.0
muskox,muskox,0.17988179476318816,5,3.0,2.2108843537414966,7.153031537803882,18,15,33,38.0,20.0,18.0,0.0018789558,0.0018789558,0.6440887,0.4897204,38.0
porcupin,porcupin,0.4071788301768633,16,3.0,1.945578231292517,105.19039145213486,41,43,84,197.0,102.0,95.0,0.004153481,0.004153481,0.5639881,0.29851386,197.0
reindeer,reindeer,0.26450914544389287,2,3.0,1.9965986394557824,83.98715657534336,26,31,57,110.0,58.0,52.0,0.0026700948,0.0026700948,0.5169082,0.2918831,110.0
unicorn,unicorn,0.08032647675607839,17,4.0,2.5238095238095237,1.5547148901863113,7,5,12,14.0,9.0,5.0,7.9113926E-4,7.9113926E-4,0.6666667,0.6883117,14.0
walrus,walrus,0.2556855897722209,33,3.0,2.0272108843537415,40.576671481450305,28,28,56,105.0,57.0,48.0,0.0028678798,0.0028678798,0.53118396,0.297316,105.0
waterbuffalo,waterbuffalo,0.24477476263681897,5,3.0,2.0272108843537415,43.35344035691343,25,27,52,92.0,49.0,43.0,0.0025712026,0.0025712026,0.70445347,0.35070333,92.0
whitetaild,whitetaild,0.08002889734683856,2,4.0,2.3333333333333335,4.156334263336857,8,8,16,19.0,11.0,8.0,8.9003163E-4,8.9003163E-4,0.82051283,0.44912282,19.0
goldfish,goldfish,0.07967258108982155,4,3.0,2.1666666666666665,24.434928376295524,10,11,21,28.0,14.0,14.0,0.0010878164,0.0010878164,0.40526316,0.39017856,28.0
guineapig,guineapig,0.4874579185970514,25,3.0,1.8843537414965987,163.75542938426275,54,49,103,227.0,117.0,110.0,0.005439082,0.005439082,0.4878674,0.2559385,227.0
sealion,sealion,0.1568346616187947,33,3.0,2.1904761904761907,10.773629193952447,17,12,29,34.0,18.0,16.0,0.0017800633,0.0017800633,0.60714287,0.5462185,34.0
boar,boar,0.12545102705226127,0,3.0,2.17687074829932,6.097458706201731,13,14,27,36.0,20.0,16.0,0.0013844937,0.0013844937,0.6666667,0.45459405,36.0
gnat,gnat,0.050469210222696764,23,4.0,2.3877551020408165,16.414240588860704,8,6,14,15.0,9.0,6.0,8.9003163E-4,8.9003163E-4,0.30128205,0.24102564,15.0
hawk,hawk,0.15990195998267379,11,3.0,2.0272108843537415,228.52217499686552,25,22,47,78.0,41.0,37.0,0.0025712026,0.0025712026,0.33048782,0.25376254,78.0
pelican,pelican,0.08375363400890955,11,3.0,2.261904761904762,5.832385813913217,9,10,19,20.0,10.0,10.0,9.889241E-4,9.889241E-4,0.5643275,0.56666666,20.0
ass,ass,0.02159253408545421,27,4.0,2.391156462585034,0.5045330720913983,3,5,8,9.0,4.0,5.0,3.9556963E-4,3.9556963E-4,0.6904762,0.5317461,9.0
colt,colt,0.08621645740877379,12,4.0,2.3333333333333335,12.701518780754997,9,8,17,22.0,12.0,10.0,9.889241E-4,9.889241E-4,0.5619048,0.42755684,22.0
catfish,catfish,0.005753797457367681,28,4.0,2.8537414965986394,31.55062234975903,4,4,8,8.0,4.0,4.0,4.9446203E-4,4.9446203E-4,0.125,0.125,8.0
flamingo,flamingo,0.1401171352525025,11,3.0,2.207482993197279,41.1019431585712,17,11,28,32.0,18.0,14.0,0.0017800633,0.0017800633,0.47666666,0.40104166,32.0
groundhog,groundhog,0.39950139348307023,17,3.0,1.9319727891156462,180.70198946085245,49,43,92,183.0,96.0,87.0,0.00494462,0.00494462,0.5018091,0.25043535,183.0
marmot,marmot,0.09954643204782591,24,3.0,2.3401360544217686,1.1195392180777899,10,8,18,21.0,10.0,11.0,0.0010878164,0.0010878164,0.72380954,0.52240896,21.0
quail,quail,0.13412052284952564,32,3.0,2.1258503401360542,39.78314609639168,18,19,37,57.0,29.0,28.0,0.0018789558,0.0018789558,0.4935484,0.33040935,57.0
tasmanidevil,tasmanidevil,0.04246138430438636,17,4.0,2.391156462585034,3.7051173600378826,7,5,12,12.0,7.0,5.0,7.9113926E-4,7.9113926E-4,0.4090909,0.40909094,12.0
weasel,weasel,0.4914785028809365,24,3.0,1.9149659863945578,347.3659070725612,57,47,104,228.0,119.0,109.0,0.0057357596,0.0057357596,0.47165143,0.23841766,228.0
woodchuck,woodchuck,0.37348326163659784,17,3.0,1.989795918367347,32.20871918992399,37,34,71,159.0,82.0,77.0,0.0037579115,0.0037579115,0.65137255,0.33409703,159.0
bass,bass,0.02736187531799833,4,3.0,2.204081632653061,307.824931522255,7,7,14,15.0,8.0,7.0,7.9113926E-4,7.9113926E-4,0.30769232,0.33076924,15.0
muski,muski,0.03400929493525311,28,4.0,2.510204081632653,71.08848074750601,4,5,9,11.0,6.0,5.0,4.9446203E-4,4.9446203E-4,0.2777778,0.3181818,11.0
pike,pike,0.015497657177903463,28,4.0,2.5850340136054424,22.15975502022179,5,3,8,10.0,5.0,5.0,5.933544E-4,5.933544E-4,0.23809524,0.17142858,10.0
marmoset,marmoset,0.035916441601458,17,4.0,2.3877551020408165,2.2272838848989855,5,5,10,10.0,5.0,5.0,5.933544E-4,5.933544E-4,0.5,0.4,10.0
owl,owl,0.40340134400579863,11,3.0,1.9047619047619047,324.94640795707045,46,42,88,134.0,72.0,62.0,0.004647943,0.004647943,0.4484472,0.26170868,134.0
panther,panther,0.38517066885368084,15,3.0,1.836734693877551,160.34729078290638,42,61,103,314.0,160.0,154.0,0.0042523732,0.0042523732,0.5466494,0.23960285,314.0
robin,robin,0.2453621329333029,11,3.0,1.9557823129251701,782.8701327441829,46,42,88,196.0,101.0,95.0,0.004647943,0.004647943,0.2925481,0.14687426,196.0
shrew,shrew,0.10639433164253793,17,3.0,2.139455782312925,20.11185400908952,11,15,26,38.0,19.0,19.0,0.0011867088,0.0011867088,0.51449275,0.41842103,38.0
blackbear,blackbear,0.06461665158812584,29,4.0,2.1564625850340136,11.00327311447851,10,21,31,93.0,48.0,45.0,0.0010878164,0.0010878164,0.54891306,0.190681,93.0
brownbear,brownbear,0.07476336303827708,29,3.0,2.1598639455782314,43.38781113144628,11,16,27,67.0,35.0,32.0,0.0011867088,0.0011867088,0.5,0.19862227,67.0
bumblebe,bumblebe,0.022105963090111,23,4.0,2.5816326530612246,34.74677040973285,4,4,8,11.0,5.0,6.0,4.9446203E-4,4.9446203E-4,0.32142857,0.29220778,11.0
butterfli,butterfli,0.18200116257623622,23,3.0,2.074829931972789,158.7221032002959,24,21,45,60.0,32.0,28.0,0.00247231,0.00247231,0.3611111,0.2780303,60.0
buzzard,buzzard,0.04379912656349994,11,3.0,2.3503401360544216,37.88235356704081,7,9,16,20.0,10.0,10.0,7.9113926E-4,7.9113926E-4,0.36813188,0.26000002,20.0
caterpillar,caterpillar,0.10494055020648252,23,3.0,2.1802721088435373,21.97887296057591,12,12,24,27.0,14.0,13.0,0.0012856013,0.0012856013,0.50476193,0.4057971,27.0
coon,coon,0.18544739189379536,16,3.0,2.1564625850340136,7.844789127792527,19,19,38,62.0,33.0,29.0,0.0019778481,0.0019778481,0.77011496,0.48408893,62.0
cub,cub,0.02865073956654721,0,4.0,2.3299319727891157,0.15592046147597285,2,6,8,12.0,6.0,6.0,2.966772E-4,2.966772E-4,0.8095238,0.6904762,12.0
emu,emu,0.3606801722002196,30,3.0,1.91156462585034,231.5462851237659,37,44,81,140.0,72.0,68.0,0.0037579115,0.0037579115,0.46713287,0.29026785,140.0
fisher,fisher,0.19372437552467797,24,3.0,2.1360544217687076,64.74442997943572,20,17,37,48.0,25.0,23.0,0.0020767406,0.0020767406,0.6340726,0.43721065,48.0
gilamonst,gilamonst,0.07284452913808795,4,3.0,2.32312925170068,1.792397692156373,6,5,11,11.0,6.0,5.0,6.9224683E-4,6.9224683E-4,0.75454545,0.75454545,11.0
hedgehog,hedgehog,0.12396158047199267,31,3.0,2.391156462585034,17.00622430168323,11,7,18,20.0,11.0,9.0,0.0011867088,0.0011867088,0.6797386,0.6602941,20.0
jackass,jackass,0.10001056386370569,9,3.0,2.108843537414966,12.000105621986876,12,15,27,44.0,22.0,22.0,0.0012856013,0.0012856013,0.6166667,0.5506993,44.0
kodiakbear,kodiakbear,0.027570527320434655,29,3.0,2.431972789115646,2.0198279830346086,6,6,12,13.0,7.0,6.0,6.9224683E-4,6.9224683E-4,0.5090909,0.42657343,13.0
lamb,lamb,0.4555652400645758,8,3.0,1.8571428571428572,337.3965135480697,51,58,109,500.0,249.0,251.0,0.005142405,0.005142405,0.49287975,0.26435184,500.0
loon,loon,0.08991946734932293,11,3.0,2.1802721088435373,69.92954151651662,10,12,22,25.0,12.0,13.0,0.0010878164,0.0010878164,0.6,0.567619,25.0
parakeet,parakeet,0.1833551700693222,11,3.0,2.054421768707483,108.64492011209663,23,27,50,77.0,40.0,37.0,0.0023734176,0.0023734176,0.4479513,0.31712165,77.0
penguin,penguin,0.4245142830459799,33,3.0,1.846938775510204,173.70557616445433,48,58,106,204.0,107.0,97.0,0.0048457277,0.0048457277,0.46586746,0.22443978,204.0
person,person,0.14232529539840005,6,3.0,2.204081632653061,16.40890518853334,14,12,26,29.0,17.0,12.0,0.001483386,0.001483386,0.6027668,0.46689656,29.0
pheasant,pheasant,0.4340293004153292,32,3.0,1.8843537414965987,247.85844583913632,46,48,94,236.0,122.0,114.0,0.004647943,0.004647943,0.49358177,0.23018043,236.0
porpois,porpois,0.13393299407011033,33,3.0,2.098639455782313,123.00358426722934,16,20,36,77.0,40.0,37.0,0.0016811709,0.0016811709,0.505291,0.25194806,77.0
puma,puma,0.23211446461104945,15,3.0,2.0850340136054424,84.75343814940129,25,29,54,100.0,54.0,46.0,0.0025712026,0.0025712026,0.5653378,0.31933963,100.0
timberwolf,timberwolf,0.05106369452593734,21,4.0,2.445578231292517,0.03051106025934401,4,5,9,10.0,5.0,5.0,4.9446203E-4,4.9446203E-4,0.91071427,0.6375,10.0
poni,poni,0.36369492142070453,12,3.0,1.935374149659864,170.9664781755037,38,40,78,179.0,96.0,83.0,0.0038568038,0.0038568038,0.5565838,0.3163317,179.0
hornet,hornet,0.005538498524374966,23,4.0,2.3945578231292517,37.03327780168782,4,6,10,14.0,8.0,6.0,4.9446203E-4,4.9446203E-4,0.37777779,0.36507937,14.0
worm,worm,0.15740746521237312,4,3.0,2.0476190476190474,268.31443800266396,25,25,50,79.0,39.0,40.0,0.0025712026,0.0025712026,0.3535941,0.27951434,79.0
blackbird,blackbird,0.052165161848757746,11,3.0,2.1564625850340136,22.82827983519107,12,13,25,31.0,16.0,15.0,0.0012856013,0.0012856013,0.44285715,0.2829301,31.0
bluebird,bluebird,0.06529474862405184,11,3.0,2.139455782312925,206.11988442195744,18,21,39,54.0,28.0,26.0,0.0018789558,0.0018789558,0.2689655,0.14035088,54.0
bluejai,bluejai,0.06886308118835185,11,4.0,2.2108843537414966,74.20628235550059,13,18,31,56.0,29.0,27.0,0.0013844937,0.0013844937,0.34387353,0.16577381,56.0
cardin,cardin,0.0708871614443108,11,3.0,2.1530612244897958,94.25333503452366,15,21,36,70.0,38.0,32.0,0.0015822785,0.0015822785,0.35344827,0.22040816,70.0
cockatiel,cockatiel,0.035923528505292894,11,4.0,2.2823129251700682,2.0353746935433796,4,7,11,16.0,8.0,8.0,4.9446203E-4,4.9446203E-4,0.625,0.36875,16.0
crow,crow,0.12147855098540067,11,3.0,2.1462585034013606,307.47078042928536,20,23,43,69.0,34.0,35.0,0.0020767406,0.0020767406,0.29450756,0.17891648,69.0
flea,flea,0.07738757919397767,23,3.0,2.2448979591836733,11.006930842990133,10,9,19,22.0,12.0,10.0,0.0010878164,0.0010878164,0.63071895,0.5530303,22.0
fowl,fowl,0.06951379493356413,14,4.0,2.4285714285714284,0.06461174999770185,6,4,10,12.0,8.0,4.0,6.9224683E-4,6.9224683E-4,0.9444444,0.9351852,12.0
grous,grous,0.08807751325916544,32,4.0,2.2687074829931975,7.980717705250006,10,12,22,36.0,19.0,17.0,0.0010878164,0.0010878164,0.5614035,0.35978836,36.0
gull,gull,0.03787504098105144,11,4.0,2.7551020408163267,16.595317542275488,6,3,9,9.0,6.0,3.0,6.9224683E-4,6.9224683E-4,0.2777778,0.2777778,9.0
heron,heron,0.05488757907360305,11,3.0,2.360544217687075,24.641200640600136,9,7,16,19.0,11.0,8.0,9.889241E-4,9.889241E-4,0.4010989,0.3140351,19.0
manate,manate,0.10008857215060042,33,4.0,2.316326530612245,4.581674648688974,11,11,22,31.0,18.0,13.0,0.0011867088,0.0011867088,0.48947367,0.4546851,31.0
oriol,oriol,0.0350214048994472,11,3.0,2.3095238095238093,13.574072498110631,8,8,16,25.0,14.0,11.0,8.9003163E-4,8.9003163E-4,0.49358973,0.28666666,25.0
partridg,partridg,0.12995999242674275,32,3.0,2.187074829931973,24.793227799915694,13,15,28,38.0,19.0,19.0,0.0013844937,0.0013844937,0.56916994,0.37329435,38.0
peacock,peacock,0.20022665926534028,11,3.0,2.0476190476190474,13.256318237208568,20,17,37,43.0,22.0,21.0,0.0020767406,0.0020767406,0.6688172,0.46705428,43.0
pigeon,pigeon,0.20178759143330569,11,3.0,2.061224489795918,95.10051115729898,24,23,47,68.0,35.0,33.0,0.00247231,0.00247231,0.44950214,0.31361893,68.0
salamand,salamand,0.14754870007187673,4,3.0,2.1462585034013606,27.25410631855486,18,17,35,45.0,23.0,22.0,0.0018789558,0.0018789558,0.52153844,0.28104576,45.0
seagul,seagul,0.05131128966012822,11,3.0,2.2789115646258504,6.238544865473724,8,7,15,18.0,9.0,9.0,8.9003163E-4,8.9003163E-4,0.53296703,0.48015875,18.0
snail,snail,0.15630805592585278,4,3.0,2.0714285714285716,171.21175195106733,18,21,39,52.0,28.0,24.0,0.0018789558,0.0018789558,0.4197861,0.2803644,52.0
sparrow,sparrow,0.11566916627864059,11,3.0,2.1020408163265305,490.56842500214475,19,24,43,78.0,42.0,36.0,0.0019778481,0.0019778481,0.31507936,0.1892552,78.0
stork,stork,0.02888929867868185,11,3.0,2.45578231292517,16.4962805085512,5,6,11,13.0,6.0,7.0,5.933544E-4,5.933544E-4,0.24444444,0.22692308,13.0
tortois,tortois,0.07657399526200254,4,4.0,2.3503401360544216,3.883065513302741,8,6,14,15.0,8.0,7.0,8.9003163E-4,8.9003163E-4,0.6025641,0.5153846,15.0
vultur,vultur,0.04133182624251432,11,3.0,2.3877551020408165,4.033434096706213,7,4,11,12.0,7.0,5.0,7.9113926E-4,7.9113926E-4,0.5777778,0.47500002,12.0
wildanim,wildanim,0.026095939156001953,0,4.0,2.4625850340136055,0.0,2,2,4,4.0,2.0,2.0,2.966772E-4,2.966772E-4,1.0,1.0,4.0
cattl,cattl,0.18018360697939947,5,3.0,2.1530612244897958,10.008183914444958,17,16,33,69.0,35.0,34.0,0.0017800633,0.0017800633,0.67333335,0.35620472,69.0
finch,finch,0.053957665138902225,11,3.0,2.2176870748299318,40.63983658121295,14,14,28,30.0,16.0,14.0,0.001483386,0.001483386,0.37747034,0.25555557,30.0
dove,dove,0.05200539661401663,11,4.0,2.2108843537414966,15.966918454270756,10,13,23,28.0,15.0,13.0,0.0010878164,0.0010878164,0.39181286,0.28733766,28.0
starl,starl,0.006404136767425537,11,4.0,2.493197278911565,3.274632506546643,4,5,9,11.0,6.0,5.0,4.9446203E-4,4.9446203E-4,0.5,0.375,11.0
wren,wren,0.025983202894072497,11,4.0,2.3095238095238093,15.638894957638215,8,11,19,27.0,13.0,14.0,8.9003163E-4,8.9003163E-4,0.36813188,0.17592593,27.0
bluegil,bluegil,0.009964994365052668,28,4.0,2.8741496598639458,31.984593342392895,3,4,7,8.0,4.0,4.0,3.9556963E-4,3.9556963E-4,0.11904762,0.14583334,8.0
sturgeon,sturgeon,0.00315972494071964,28,4.0,3.1462585034013606,10.186226236955685,4,2,6,6.0,4.0,2.0,4.9446203E-4,4.9446203E-4,0.16666667,0.16666667,6.0
goldfinch,goldfinch,0.007992257658230032,11,3.0,2.4285714285714284,3.7116915576771157,5,3,8,9.0,6.0,3.0,5.933544E-4,5.933544E-4,0.3392857,0.34920636,9.0
hummingbird,hummingbird,0.07917281408868455,11,3.0,2.2006802721088436,172.28886425199386,15,15,30,36.0,19.0,17.0,0.0015822785,0.0015822785,0.2770936,0.2854406,36.0
rattlesnak,rattlesnak,0.025614987670024306,9,4.0,2.4115646258503403,9.169701883225367,5,4,9,10.0,5.0,5.0,5.933544E-4,5.933544E-4,0.25,0.25,10.0
marten,marten,0.048162143180237246,24,3.0,2.292517006802721,2.336765138812043,7,9,16,21.0,11.0,10.0,7.9113926E-4,7.9113926E-4,0.63461536,0.33650795,21.0
trout,trout,0.02879801077649305,4,4.0,2.3537414965986394,59.75345366230333,7,7,14,19.0,10.0,9.0,7.9113926E-4,7.9113926E-4,0.25824177,0.3340081,19.0
bunni,bunni,0.1661077436642039,25,3.0,2.1122448979591835,10.041458421468064,17,17,34,44.0,22.0,22.0,0.0017800633,0.0017800633,0.70107526,0.61157024,44.0
crane,crane,0.09298355012042049,14,3.0,2.241496598639456,6.87036051379346,11,10,21,22.0,12.0,10.0,0.0011867088,0.0011867088,0.6078947,0.5511364,22.0
farmanim,farmanim,0.02831862722144326,8,4.0,2.687074829931973,0.0,3,1,4,5.0,3.0,2.0,3.9556963E-4,3.9556963E-4,0.8333333,0.86666673,5.0
ram,ram,0.07024347335724093,8,3.0,2.2891156462585034,0.33910593510365483,7,9,16,22.0,12.0,10.0,7.9113926E-4,7.9113926E-4,0.8787879,0.38484848,22.0
warthog,warthog,0.1764927507657383,17,4.0,2.2176870748299318,28.259600219356074,19,17,36,42.0,23.0,19.0,0.0019778481,0.0019778481,0.5043011,0.35918367,42.0
heifer,heifer,0.040026977517791544,5,4.0,2.431972789115646,0.25182030556673257,5,6,11,16.0,8.0,8.0,5.933544E-4,5.933544E-4,0.78571427,0.35,16.0
rooster,rooster,0.24822514985155256,14,3.0,2.0272108843537415,33.895665159200114,27,28,55,151.0,78.0,73.0,0.0027689873,0.0027689873,0.61538464,0.27121657,151.0
steer,steer,0.09240519531555705,5,3.0,2.1122448979591835,9.148899658614525,11,15,26,41.0,20.0,21.0,0.0011867088,0.0011867088,0.513834,0.44243902,41.0
wallabi,wallabi,0.10698844897931373,9,3.0,2.17687074829932,3.9385408579803958,10,14,24,42.0,22.0,20.0,0.0010878164,0.0010878164,0.5974026,0.38561076,42.0
gecko,gecko,0.07699955596695583,4,4.0,2.2789115646258504,4.221028517095951,9,9,18,22.0,11.0,11.0,9.889241E-4,9.889241E-4,0.59583336,0.44652408,22.0
burro,burro,0.06857754627753188,27,3.0,2.204081632653061,3.0146483425421513,8,14,22,33.0,17.0,16.0,8.9003163E-4,8.9003163E-4,0.5847953,0.33333334,33.0
jackal,jackal,0.15241702459839668,9,4.0,2.3095238095238093,17.85220903273993,18,11,29,50.0,26.0,24.0,0.0018789558,0.0018789558,0.56,0.46107143,50.0
mountainsheep,mountainsheep,0.011687383837841361,17,4.0,2.4115646258503403,3.329757474293582,3,6,9,14.0,7.0,7.0,3.9556963E-4,3.9556963E-4,0.5952381,0.2589286,14.0
ocelot,ocelot,0.23600284486341383,15,3.0,2.0306122448979593,75.40547575608547,26,30,56,85.0,44.0,41.0,0.0026700948,0.0026700948,0.5275362,0.39550802,85.0
yak,yak,0.1788724378631043,5,3.0,2.1122448979591835,9.237597487627948,20,16,36,55.0,28.0,27.0,0.0020767406,0.0020767406,0.6461676,0.5594805,55.0
falcon,falcon,0.04605885466574876,11,3.0,2.306122448979592,3.066881626813123,5,9,14,22.0,11.0,11.0,5.933544E-4,5.933544E-4,0.49242425,0.25874126,22.0
hen,hen,0.11007515042014493,14,3.0,2.1496598639455784,4.519584988160654,12,13,25,44.0,22.0,22.0,0.0012856013,0.0012856013,0.7047619,0.41808712,44.0
housecat,housecat,0.04664375880833987,15,3.0,2.4591836734693877,0.05756578947368421,4,4,8,10.0,5.0,5.0,4.9446203E-4,4.9446203E-4,0.9047619,0.7071429,10.0
salmon,salmon,0.02948297183738355,4,3.0,2.425170068027211,32.314853269552145,4,6,10,14.0,8.0,6.0,4.9446203E-4,4.9446203E-4,0.42222223,0.49603176,14.0
earthworm,earthworm,0.024313610505921412,4,3.0,2.3197278911564627,1.4986608137607673,4,3,7,7.0,4.0,3.0,4.9446203E-4,4.9446203E-4,0.52380955,0.52380955,7.0
dingo,dingo,0.0832544988287122,6,4.0,2.326530612244898,4.024949613589924,9,8,17,22.0,12.0,10.0,9.889241E-4,9.889241E-4,0.48095238,0.36363637,22.0
swan,swan,0.14617348403929495,14,3.0,2.068027210884354,20.781345230010103,14,21,35,53.0,29.0,24.0,0.001483386,0.001483386,0.5554187,0.2846837,53.0
gibbon,gibbon,0.023165412715777774,22,4.0,2.6530612244897958,0.24209075058503515,3,4,7,11.0,6.0,5.0,3.9556963E-4,3.9556963E-4,0.6904762,0.72727275,11.0
redsquirrel,redsquirrel,0.009989062751674724,20,4.0,2.4761904761904763,0.44947397825633945,1,5,6,7.0,2.0,5.0,1.9778482E-4,1.9778482E-4,0.46666667,0.4857143,7.0
clam,clam,0.028913003734380282,4,4.0,2.445578231292517,9.528148407751935,6,4,10,13.0,8.0,5.0,6.9224683E-4,6.9224683E-4,0.3611111,0.32905984,13.0
crab,crab,0.04727959586798717,33,4.0,2.7653061224489797,77.68659700607955,7,6,13,18.0,10.0,8.0,7.9113926E-4,7.9113926E-4,0.25454545,0.2037037,18.0
cobra,cobra,0.030208753724380383,9,4.0,2.578231292517007,5.358476468742629,3,3,6,7.0,4.0,3.0,3.9556963E-4,3.9556963E-4,0.46666667,0.5,7.0
cockatoo,cockatoo,0.049627382260513976,11,4.0,2.425170068027211,4.318459171780655,6,6,12,14.0,8.0,6.0,6.9224683E-4,6.9224683E-4,0.42727274,0.3538961,14.0
mare,mare,0.036249847891298,12,4.0,2.574829931972789,1.6162846854844994,4,3,7,7.0,4.0,3.0,4.9446203E-4,4.9446203E-4,0.5,0.5,7.0
minx,minx,0.07285779803346316,24,3.0,2.3299319727891157,5.658837874971565,8,9,17,19.0,10.0,9.0,8.9003163E-4,8.9003163E-4,0.7047619,0.5690789,19.0
ibi,ibi,0.03251701004968527,11,3.0,2.357142857142857,15.928605469813473,5,5,10,10.0,5.0,5.0,5.933544E-4,5.933544E-4,0.36666667,0.36666667,10.0
roadrunn,roadrunn,0.02531570016644263,31,4.0,2.425170068027211,10.394229340752903,5,6,11,12.0,6.0,6.0,5.933544E-4,5.933544E-4,0.3,0.28333336,12.0
wombat,wombat,0.08124907134664193,6,4.0,2.3979591836734695,12.947920044340796,10,7,17,20.0,11.0,9.0,0.0010878164,0.0010878164,0.45604396,0.284375,20.0
lobster,lobster,0.01676592467256567,33,4.0,2.489795918367347,23.98844741004192,4,6,10,15.0,8.0,7.0,4.9446203E-4,4.9446203E-4,0.2638889,0.2074074,15.0
perch,perch,0.02885217828879975,28,4.0,2.302721088435374,87.56104307216356,9,7,16,18.0,10.0,8.0,9.889241E-4,9.889241E-4,0.1923077,0.13333333,18.0
shrimp,shrimp,0.003939076528532461,33,4.0,2.639455782312925,4.8422653979176635,2,2,4,7.0,3.0,4.0,2.966772E-4,2.966772E-4,0.25,0.33333334,7.0
python,python,0.024222117564315786,9,4.0,2.608843537414966,10.249042973557314,4,5,9,10.0,5.0,5.0,4.9446203E-4,4.9446203E-4,0.15277778,0.15,10.0
raven,raven,0.016513467555621702,11,4.0,2.7142857142857144,13.808462794165756,5,5,10,12.0,6.0,6.0,5.933544E-4,5.933544E-4,0.32142857,0.25925925,12.0
doe,doe,0.027104772116404417,2,4.0,2.380952380952381,0.03125,2,5,7,9.0,4.0,5.0,2.966772E-4,2.966772E-4,0.9285714,0.9444445,9.0
ermin,ermin,0.049436146160381805,24,4.0,2.608843537414966,2.1867512844561934,7,4,11,13.0,7.0,6.0,7.9113926E-4,7.9113926E-4,0.5,0.34615386,13.0
fawn,fawn,0.06695331899426712,2,3.0,2.2244897959183674,0.1889997851029341,6,9,15,28.0,15.0,13.0,6.9224683E-4,6.9224683E-4,0.8681319,0.7869898,28.0
hare,hare,0.10017279506395739,9,4.0,2.3333333333333335,9.725861957172954,8,9,17,22.0,11.0,11.0,8.9003163E-4,8.9003163E-4,0.4857143,0.39914775,22.0
dragon,dragon,0.023187853927567625,4,4.0,2.438775510204082,0.1668135151418222,2,4,6,9.0,4.0,5.0,2.966772E-4,2.966772E-4,0.56666666,0.54444444,9.0
osprei,osprei,0.013424373380129077,11,3.0,2.4659863945578233,0.6927597711832731,2,4,6,9.0,5.0,4.0,2.966772E-4,2.966772E-4,0.36666667,0.47777778,9.0
sabl,sabl,0.038086803570104855,24,4.0,2.401360544217687,0.6547088769709958,4,5,9,10.0,5.0,5.0,4.9446203E-4,4.9446203E-4,0.6964286,0.55,10.0
ew,ew,0.03560634902737269,8,3.0,2.3843537414965987,0.2656701429588358,4,6,10,11.0,5.0,6.0,4.9446203E-4,4.9446203E-4,0.74444443,0.7373737,11.0
walley,walley,0.01746116326320753,28,4.0,2.693877551020408,86.38442873991933,5,7,12,16.0,8.0,8.0,5.933544E-4,5.933544E-4,0.14444445,0.08238637,16.0
newt,newt,0.054110497792884175,4,4.0,2.425170068027211,5.23335392956998,8,7,15,15.0,8.0,7.0,8.9003163E-4,8.9003163E-4,0.32575756,0.20476191,15.0
mallard,mallard,0.028230521641195928,32,4.0,2.5272108843537415,0.08770903010033446,4,2,6,6.0,4.0,2.0,4.9446203E-4,4.9446203E-4,0.35,0.23333335,6.0
jackrabbit,jackrabbit,0.03765512901257536,9,4.0,2.5,1.4666063406330745,5,4,9,10.0,5.0,5.0,5.933544E-4,5.933544E-4,0.5138889,0.52500004,10.0
sloth,sloth,0.07135242822945007,17,3.0,2.3503401360544216,15.569249269262768,9,7,16,16.0,9.0,7.0,9.889241E-4,9.889241E-4,0.4904762,0.42916667,16.0
squid,squid,0.011706646784757547,4,3.0,2.438775510204082,14.338604312527744,3,5,8,10.0,5.0,5.0,3.9556963E-4,3.9556963E-4,0.3809524,0.22857143,10.0
vole,vole,0.044886489022245554,17,3.0,2.4047619047619047,6.5774956584488,6,8,14,17.0,9.0,8.0,6.9224683E-4,6.9224683E-4,0.43589744,0.37556562,17.0
